# headerRow = 3		
# NRD = NextReviewDate in terms of sprintDay		
ID	NRD	LEVEL
1	1	10
2	1	10
3	1	10
4	1	10
5	1	10
6	220	0
7	220	0
8	220	0
9	220	0
10	220	0
11	220	0
12	220	0
13	220	0
14	220	0
15	220	0
16	220	10
17	220	10
18	220	10
19	220	10
20	220	10
21	220	10
22	220	10
23	220	10
24	220	10
25	220	10
26	220	7
27	220	7
28	220	7
29	220	8
30	220	7
31	220	7
32	220	10
33	220	10
34	220	10
35	220	10
36	220	10
37	220	10
38	220	10
39	220	10
40	220	10
41	220	10
42	220	10
43	220	10
44	220	10
45	220	10
46	220	10
47	220	10
48	220	10
49	220	10
50	220	10
51	220	10
52	220	10
53	220	10
54	220	10
55	220	10
56	220	10
57	220	10
58	220	10
59	220	10
60	220	10
61	220	10
62	220	10
63	220	10
64	220	10
65	220	10
66	220	10
67	220	10
68	220	10
69	220	10
70	220	10
71	220	10
72	220	10
73	220	10
74	220	10
75	220	10
76	220	10
77	220	7
78	220	10
79	220	10
80	220	10
81	220	10
82	220	7
83	220	10
84	220	10
85	220	10
86	220	10
87	220	10
88	220	10
89	220	10
90	220	10
91	220	10
92	220	10
93	220	7
94	220	7
95	220	10
96	220	10
97	220	10
98	220	10
99	220	10
100	220	10
101	220	10
102	220	10
103	220	10
104	220	7
105	220	10
106	220	10
107	220	10
108	220	10
109	220	10
110	220	10
111	220	10
112	220	10
113	220	10
114	220	10
115	220	10
116	220	10
117	220	10
118	220	10
119	220	10
120	220	10
121	220	10
122	220	10
123	220	10
124	220	10
125	220	10
126	220	10
127	220	10
128	220	8
129	220	10
130	220	10
131	220	10
132	220	10
133	220	10
134	220	8
135	220	10
136	220	10
137	220	10
138	220	10
139	220	10
140	220	10
141	220	10
142	220	10
143	220	10
144	220	10
145	220	10
146	220	7
147	220	10
148	220	10
149	220	10
150	220	7
151	220	10
152	220	10
153	220	10
154	220	10
155	220	10
156	220	10
157	220	10
158	220	10
159	220	10
160	220	10
161	220	10
162	220	10
163	220	10
164	220	10
165	220	10
166	220	10
167	220	10
168	220	10
169	220	10
170	220	10
171	220	10
172	220	10
173	220	10
174	220	10
175	220	10
176	220	10
177	220	10
178	220	10
179	220	10
180	220	10
181	220	10
182	220	10
183	220	10
184	220	10
185	220	10
186	220	10
187	220	10
188	220	10
189	220	10
190	220	10
191	220	10
192	220	10
193	220	10
194	220	10
195	220	10
196	220	10
197	220	10
198	220	10
199	220	10
200	220	10
201	220	10
202	220	10
203	220	10
204	220	10
205	220	10
206	220	10
207	220	10
208	220	10
209	220	10
210	220	10
211	220	10
212	220	10
213	220	10
214	220	10
215	220	10
216	220	10
217	220	10
218	220	7
219	220	10
220	220	10
221	220	10
222	220	10
223	220	10
224	220	10
225	220	10
226	220	10
227	220	10
228	220	10
229	220	10
230	220	10
231	220	10
232	220	10
233	220	10
234	220	10
235	220	10
236	220	10
237	220	10
238	220	10
239	220	10
240	220	10
241	220	10
242	220	10
243	220	10
244	220	10
245	220	10
246	220	10
247	220	10
248	220	10
249	220	10
250	220	10
251	220	10
252	220	10
253	220	10
254	220	10
255	220	10
256	220	10
257	220	10
258	220	10
259	220	10
260	220	10
261	220	10
262	220	10
263	220	10
264	220	10
265	220	10
266	220	10
267	220	10
268	220	10
269	220	10
270	220	10
271	220	10
272	220	10
273	220	10
274	220	10
275	220	10
276	220	10
277	220	10
278	220	10
279	220	10
280	220	10
281	220	10
282	220	10
283	220	10
284	220	10
285	220	10
286	220	10
287	220	10
288	220	10
289	220	8
290	220	10
291	220	10
292	220	10
293	220	10
294	220	10
295	220	10
296	220	10
297	220	10
298	220	10
299	220	10
300	220	10
301	220	10
302	220	10
303	220	10
304	220	10
305	220	10
306	220	10
307	220	10
308	220	10
309	220	8
310	220	7
311	220	10
312	220	10
313	220	10
314	220	10
315	220	10
316	220	10
317	220	10
318	220	10
319	220	10
320	220	10
321	220	10
322	220	10
323	220	10
324	220	10
325	220	10
326	220	10
327	220	10
328	220	10
329	220	10
330	220	10
331	220	10
332	220	10
333	220	10
334	220	10
335	220	10
336	220	10
337	220	10
338	220	8
339	220	10
340	220	10
341	220	10
342	220	10
343	220	10
344	220	10
345	220	10
346	220	10
347	220	10
348	220	10
349	220	10
350	220	10
351	220	10
352	220	10
353	220	10
354	220	10
355	220	10
356	220	10
357	220	10
358	220	10
359	220	10
360	220	10
361	220	10
362	220	10
363	220	7
364	220	10
365	220	10
366	220	7
367	220	10
368	220	10
369	220	10
370	220	10
371	220	10
372	220	10
373	220	10
374	220	10
375	220	7
376	220	7
377	220	7
378	220	7
379	220	10
380	220	10
381	220	10
382	220	10
383	220	10
384	220	7
385	220	10
386	220	10
387	220	10
388	220	10
389	220	10
390	220	10
391	220	10
392	220	10
393	220	10
394	220	10
395	220	10
396	220	10
397	220	10
398	220	10
399	220	7
400	220	10
401	220	7
402	220	10
403	220	10
404	220	10
405	220	10
406	220	7
407	220	10
408	220	10
409	220	10
410	220	10
411	220	10
412	220	10
413	220	10
414	220	10
415	220	10
416	220	10
417	220	10
418	220	10
419	220	7
420	220	10
421	220	10
422	220	10
423	220	10
424	220	7
425	220	10
426	220	10
427	220	10
428	220	10
429	220	10
430	220	10
431	220	10
432	220	7
433	220	10
434	220	10
435	220	7
436	220	10
437	220	10
438	220	10
439	220	10
440	220	10
441	220	10
442	220	10
443	220	10
444	220	10
445	220	10
446	220	10
447	220	10
448	220	10
449	220	10
450	220	10
451	220	10
452	220	10
453	220	7
454	220	7
455	220	10
456	220	10
457	220	10
458	220	10
459	220	10
460	220	10
461	220	10
462	220	10
463	220	10
464	220	10
465	220	10
466	220	10
467	220	10
468	220	7
469	220	8
470	220	10
471	220	10
472	220	10
473	220	8
474	220	7
475	220	7
476	220	10
477	220	10
478	220	10
479	220	10
480	220	10
481	220	10
482	220	10
483	220	10
484	220	7
485	220	10
486	220	10
487	220	10
488	220	10
489	220	10
490	220	10
491	220	10
492	220	10
493	220	10
494	220	10
495	220	10
496	220	8
497	220	10
498	220	10
499	220	7
500	220	8
501	220	10
502	220	7
503	220	10
504	220	10
505	220	10
506	220	10
507	220	10
508	220	7
509	220	10
510	220	10
511	220	10
512	220	10
513	220	10
514	220	7
515	220	10
516	220	10
517	220	10
518	220	10
519	220	7
520	220	7
521	220	10
522	220	10
523	220	10
524	220	10
525	220	10
526	220	10
527	220	10
528	220	10
529	220	10
530	220	10
531	220	10
532	220	7
533	220	10
534	220	10
535	220	10
536	220	10
537	220	10
538	220	10
539	220	8
540	220	10
541	220	10
542	220	10
543	220	10
544	220	10
545	220	10
546	220	7
547	220	10
548	220	10
549	220	10
550	220	7
551	220	10
552	220	10
553	220	10
554	220	10
555	220	7
556	220	10
557	220	10
558	220	10
559	220	10
560	220	10
561	220	7
562	220	10
563	220	10
564	220	10
565	220	10
566	220	10
567	220	10
568	220	10
569	220	10
570	220	10
571	220	10
572	220	7
573	220	10
574	220	10
575	220	10
576	220	10
577	220	7
578	220	10
579	220	10
580	220	10
581	220	10
582	220	10
583	220	10
584	220	10
585	220	10
586	220	10
587	220	10
588	220	10
589	220	10
590	220	10
591	220	10
592	220	7
593	220	10
594	220	10
595	220	10
596	220	10
597	220	10
598	220	10
599	220	10
600	220	7
601	220	10
602	220	10
603	220	10
604	220	10
605	220	10
606	220	10
607	220	10
608	220	10
609	220	10
610	220	10
611	220	10
612	220	10
613	220	8
614	220	10
615	220	10
616	220	10
617	220	10
618	220	10
619	220	10
620	220	7
621	220	10
622	220	10
623	220	10
624	220	10
625	220	10
626	220	7
627	220	10
628	220	10
629	220	10
630	220	10
631	220	10
632	220	10
633	220	10
634	220	10
635	220	10
636	220	10
637	220	10
638	220	10
639	220	10
640	220	10
641	220	10
642	220	10
643	220	10
644	220	10
645	220	10
646	220	10
647	220	10
648	220	10
649	220	10
650	220	10
651	220	10
652	220	10
653	220	10
654	220	10
655	220	10
656	220	10
657	220	10
658	220	10
659	220	10
660	220	10
661	220	10
662	220	10
663	220	10
664	220	10
665	220	10
666	220	10
667	220	10
668	220	10
669	220	10
670	220	10
671	220	10
672	220	10
673	220	10
674	220	7
675	220	10
676	220	10
677	220	10
678	220	10
679	220	10
680	220	10
681	220	10
682	220	10
683	220	10
684	220	10
685	220	10
686	220	10
687	220	10
688	220	10
689	220	10
690	220	10
691	220	10
692	220	10
693	220	10
694	220	10
695	220	10
696	220	10
697	220	10
698	220	10
699	220	10
700	220	10
701	220	10
702	220	10
703	220	10
704	220	10
705	220	10
706	220	10
707	220	10
708	220	10
709	220	10
710	220	10
711	220	10
712	220	10
713	220	10
714	220	10
715	220	10
716	220	10
717	220	7
718	220	10
719	220	10
720	220	10
721	220	10
722	220	10
723	220	10
724	220	10
725	220	7
726	220	7
727	220	10
728	220	10
729	220	10
730	220	10
731	220	10
732	220	10
733	220	10
734	220	10
735	220	10
736	220	10
737	220	10
738	220	7
739	220	10
740	220	10
741	220	10
742	220	7
743	220	10
744	220	10
745	220	10
746	220	10
747	220	10
748	220	10
749	220	10
750	220	10
751	220	7
752	220	10
753	220	7
754	220	7
755	220	7
756	220	10
757	220	8
758	220	7
759	220	10
760	220	10
761	220	8
762	220	7
763	220	8
764	220	7
765	220	8
766	220	7
767	220	7
768	220	8
769	220	7
770	220	7
771	220	8
772	220	8
773	220	7
774	220	7
775	220	7
776	220	7
777	220	10
778	220	8
779	220	10
780	220	10
781	220	8
782	220	10
783	220	10
784	220	10
785	220	10
786	220	10
787	220	7
788	220	10
789	220	7
790	220	8
791	220	10
792	220	8
793	220	10
794	220	7
795	220	8
796	220	7
797	220	8
798	220	10
799	220	8
800	220	7
801	220	8
802	220	7
803	220	7
804	220	7
805	220	7
806	220	7
807	220	7
808	220	7
809	220	7
810	220	7
811	220	7
812	220	7
813	220	7
814	220	7
815	220	7
816	220	7
817	220	7
818	220	7
819	220	7
820	220	7
821	220	7
822	220	7
823	220	7
824	220	10
825	220	7
826	220	10
827	220	7
828	220	7
829	220	7
830	220	7
831	220	7
832	220	7
833	220	7
834	220	7
835	220	7
836	220	10
837	220	10
838	220	10
839	220	7
840	220	7
841	220	7
842	220	7
843	220	10
844	220	10
845	220	7
846	220	7
847	220	7
848	220	7
849	220	10
850	220	7
851	220	7
852	220	10
853	220	7
854	220	10
855	220	10
856	220	10
857	220	10
858	220	7
859	220	7
860	220	10
861	220	10
862	220	10
863	220	10
864	220	10
865	220	7
866	220	7
867	220	7
868	220	10
869	220	7
870	220	7
871	220	7
872	220	10
873	220	10
874	220	7
875	220	7
876	220	10
877	220	7
878	220	7
879	220	7
880	220	7
881	220	7
882	220	7
883	220	10
884	220	10
885	220	7
886	220	10
887	220	10
888	220	10
889	220	7
890	220	10
891	220	10
892	220	10
893	220	10
894	220	7
895	220	10
896	220	7
897	220	10
898	220	10
899	220	7
900	220	10
901	220	7
902	220	7
903	220	7
904	220	7
905	220	7
906	220	10
907	220	7
908	220	7
909	220	7
910	220	10
911	220	7
912	220	7
913	220	10
914	220	10
915	220	10
916	220	7
917	220	10
918	220	10
919	220	10
920	220	7
921	220	7
922	220	10
923	220	7
924	220	7
925	220	10
926	220	7
927	220	7
928	220	10
929	220	10
930	220	10
931	220	10
932	220	10
933	220	10
934	220	10
935	220	7
936	220	7
937	220	7
938	220	7
939	220	10
940	220	10
941	220	10
942	220	10
943	220	10
944	220	10
945	220	10
946	220	7
947	220	7
948	220	7
949	220	7
950	220	7
951	220	7
952	220	7
953	220	7
954	220	7
955	220	10
956	220	7
957	220	10
958	220	7
959	220	7
960	220	10
961	220	7
962	220	10
963	220	10
964	220	10
965	220	10
966	220	10
967	220	7
968	220	10
969	220	10
970	220	7
971	220	7
972	220	7
973	220	10
974	220	10
975	220	7
976	220	7
977	220	7
978	220	10
979	220	10
980	220	10
981	220	10
982	220	10
983	220	10
984	220	7
985	220	10
986	220	10
987	220	10
988	220	10
989	220	7
990	220	10
991	220	7
992	220	7
993	220	10
994	220	7
995	220	10
996	220	7
997	220	10
998	220	10
999	220	10
1000	220	7
1001	220	7
1002	220	7
1003	220	7
1004	220	7
1005	220	10
1006	220	10
1007	220	7
1008	220	7
1009	220	10
1010	220	10
1011	220	7
1012	220	7
1013	220	10
1014	220	7
1015	220	7
1016	220	7
1017	220	10
1018	220	10
1019	220	10
1020	220	10
1021	220	10
1022	220	7
1023	220	10
1024	220	7
1025	220	10
1026	220	7
1027	220	7
1028	220	10
1029	220	10
1030	220	10
1031	220	10
1032	220	7
1033	220	7
1034	220	10
1035	220	7
1036	220	10
1037	220	7
1038	220	7
1039	220	10
1040	220	7
1041	220	7
1042	220	10
1043	220	10
1044	220	10
1045	220	10
1046	220	7
1047	220	7
1048	220	10
1049	220	10
1050	220	7
1051	220	10
1052	220	10
1053	220	10
1054	220	7
1055	220	10
1056	220	10
1057	220	10
1058	220	10
1059	220	7
1060	220	7
1061	220	10
1062	220	10
1063	220	10
1064	220	10
1065	220	10
1066	220	10
1067	220	10
1068	220	7
1069	220	10
1070	220	10
1071	220	7
1072	220	10
1073	220	10
1074	220	7
1075	220	10
1076	220	7
1077	220	7
1078	220	7
1079	220	10
1080	220	10
1081	220	10
1082	220	7
1083	220	10
1084	220	10
1085	220	7
1086	220	10
1087	220	10
1088	220	10
1089	220	10
1090	220	7
1091	220	10
1092	220	10
1093	220	10
1094	220	10
1095	220	7
1096	220	10
1097	220	10
1098	220	7
1099	220	10
1100	220	10
1101	220	7
1102	220	7
1103	220	7
1104	220	7
1105	220	10
1106	220	10
1107	220	7
1108	220	7
1109	220	10
1110	220	7
1111	220	10
1112	220	7
1113	220	7
1114	220	10
1115	220	10
1116	220	7
1117	220	10
1118	220	7
1119	220	7
1120	220	10
1121	220	10
1122	220	10
1123	220	10
1124	220	7
1125	220	10
1126	220	10
1127	220	7
1128	220	10
1129	220	10
1130	220	10
1131	220	10
1132	220	7
1133	220	10
1134	220	10
1135	220	7
1136	220	7
1137	220	10
1138	220	10
1139	220	7
1140	220	10
1141	220	10
1142	220	10
1143	220	10
1144	220	10
1145	220	10
1146	220	10
1147	220	7
1148	220	10
1149	220	10
1150	220	10
1151	220	7
1152	220	7
1153	220	7
1154	220	7
1155	220	7
1156	220	10
1157	220	7
1158	220	7
1159	220	7
1160	220	10
1161	220	7
1162	220	10
1163	220	10
1164	220	7
1165	220	10
1166	220	10
1167	220	10
1168	220	10
1169	220	10
1170	220	10
1171	220	10
1172	220	10
1173	220	10
1174	220	10
1175	220	10
1176	220	7
1177	220	10
1178	220	7
1179	220	7
1180	220	10
1181	220	7
1182	220	7
1183	220	7
1184	220	10
1185	220	10
1186	220	10
1187	220	7
1188	220	7
1189	220	10
1190	220	10
1191	220	10
1192	220	10
1193	220	7
1194	220	7
1195	220	10
1196	220	10
1197	220	10
1198	220	10
1199	220	10
1200	220	10
1201	220	10
1202	220	10
1203	220	7
1204	220	10
1205	220	10
1206	220	7
1207	220	7
1208	220	10
1209	220	7
1210	220	10
1211	220	10
1212	220	10
1213	220	10
1214	220	7
1215	220	10
1216	220	7
1217	220	10
1218	220	7
1219	220	10
1220	220	7
1221	220	7
1222	220	10
1223	220	10
1224	220	7
1225	220	10
1226	220	10
1227	220	10
1228	220	10
1229	220	10
1230	220	7
1231	220	10
1232	220	7
1233	220	10
1234	220	7
1235	220	10
1236	220	10
1237	220	10
1238	220	7
1239	220	7
1240	220	7
1241	220	7
1242	220	10
1243	220	10
1244	220	7
1245	220	7
1246	220	7
1247	220	10
1248	220	7
1249	220	7
1250	220	10
1251	220	7
1252	220	10
1253	220	7
1254	220	10
1255	220	10
1256	220	10
1257	220	10
1258	220	10
1259	220	10
1260	220	10
1261	220	10
1262	220	10
1263	220	10
1264	220	10
1265	220	10
1266	220	7
1267	220	7
1268	220	10
1269	220	10
1270	220	10
1271	220	10
1272	220	10
1273	220	10
1274	220	7
1275	220	10
1276	220	10
1277	220	10
1278	220	10
1279	220	10
1280	220	10
1281	220	10
1282	220	10
1283	220	10
1284	220	10
1285	220	10
1286	220	10
1287	220	10
1288	220	7
1289	220	7
1290	220	7
1291	220	7
1292	220	7
1293	220	7
1294	220	10
1295	220	7
1296	220	7
1297	220	10
1298	220	10
1299	220	7
1300	220	10
1301	220	7
1302	220	10
1303	220	10
1304	220	7
1305	220	7
1306	220	10
1307	220	10
1308	220	10
1309	220	10
1310	220	10
1311	220	10
1312	220	10
1313	220	10
1314	220	10
1315	220	10
1316	220	10
1317	220	10
1318	220	10
1319	220	10
1320	220	10
1321	220	7
1322	220	10
1323	220	10
1324	220	7
1325	220	7
1326	220	10
1327	220	7
1328	220	7
1329	220	10
1330	220	10
1331	220	7
1332	220	7
1333	220	10
1334	220	7
1335	220	7
1336	220	10
1337	220	10
1338	220	10
1339	220	10
1340	220	7
1341	220	7
1342	220	10
1343	220	10
1344	220	10
1345	220	10
1346	220	7
1347	220	7
1348	220	7
1349	220	10
1350	220	10
1351	220	10
1352	220	10
1353	220	10
1354	220	10
1355	220	7
1356	220	10
1357	220	10
1358	220	7
1359	220	10
1360	220	7
1361	220	10
1362	220	10
1363	220	10
1364	220	10
1365	220	7
1366	220	10
1367	220	10
1368	220	10
1369	220	10
1370	220	10
1371	220	10
1372	220	10
1373	220	10
1374	220	10
1375	220	10
1376	220	10
1377	220	10
1378	220	10
1379	220	10
1380	220	7
1381	220	10
1382	220	10
1383	220	10
1384	220	10
1385	220	7
1386	220	10
1387	220	10
1388	220	7
1389	220	7
1390	220	7
1391	220	10
1392	220	10
1393	220	7
1394	220	7
1395	220	7
1396	220	7
1397	220	7
1398	220	10
1399	220	10
1400	220	10
1401	220	7
1402	220	7
1403	220	7
1404	220	10
1405	220	7
1406	220	10
1407	220	10
1408	220	10
1409	220	10
1410	220	10
1411	220	7
1412	220	10
1413	220	7
1414	220	10
1415	220	7
1416	220	7
1417	220	10
1418	220	10
1419	220	7
1420	220	10
1421	220	10
1422	220	10
1423	220	10
1424	220	10
1425	220	10
1426	220	7
1427	220	10
1428	220	10
1429	220	10
1430	220	10
1431	220	10
1432	220	10
1433	220	10
1434	220	10
1435	220	10
1436	220	7
1437	220	7
1438	220	10
1439	220	10
1440	220	10
1441	220	7
1442	220	10
1443	220	10
1444	220	7
1445	220	10
1446	220	10
1447	220	10
1448	220	7
1449	220	7
1450	220	7
1451	220	7
1452	220	10
1453	220	10
1454	220	7
1455	220	10
1456	220	10
1457	220	10
1458	220	10
1459	220	7
1460	220	7
1461	220	7
1462	220	10
1463	220	10
1464	220	7
1465	220	10
1466	220	7
1467	220	7
1468	220	7
1469	220	7
1470	220	10
1471	220	7
1472	220	7
1473	220	7
1474	220	7
1475	220	10
1476	220	10
1477	220	7
1478	220	10
1479	220	10
1480	220	10
1481	220	10
1482	220	7
1483	220	7
1484	220	10
1485	220	10
1486	220	10
1487	220	7
1488	220	7
1489	220	7
1490	220	7
1491	220	7
1492	220	7
1493	220	7
1494	220	7
1495	220	10
1496	220	7
1497	220	7
1498	220	7
1499	220	7
1500	220	7
1501	220	7
1502	220	7
1503	220	7
1504	220	7
1505	220	7
1506	220	7
1507	220	7
1508	220	7
1509	220	7
1510	220	7
1511	220	7
1512	220	7
1513	220	7
1514	220	7
1515	220	7
1516	220	7
1517	220	7
1518	220	7
1519	220	7
1520	220	7
1521	220	7
1522	220	7
1523	220	7
1524	220	7
1525	220	7
1526	220	7
1527	220	7
1528	220	7
1529	220	7
1530	220	7
1531	220	10
1532	220	10
1533	220	10
1534	220	7
1535	220	7
1536	220	7
1537	220	10
1538	220	7
1539	220	7
1540	220	7
1541	220	7
1542	220	10
1543	220	7
1544	220	7
1545	220	7
1546	220	10
1547	220	10
1548	220	10
1549	220	7
1550	220	7
1551	220	7
1552	220	7
1553	220	7
1554	220	10
1555	220	7
1556	220	10
1557	220	10
1558	220	7
1559	220	7
1560	220	7
1561	220	7
1562	220	7
1563	220	7
1564	220	7
1565	220	7
1566	220	7
1567	220	7
1568	220	7
1569	220	7
1570	220	7
1571	220	7
1572	220	7
1573	220	7
1574	220	7
1575	220	7
1576	220	7
1577	220	7
1578	220	7
1579	220	7
1580	220	7
1581	220	7
1582	220	7
1583	220	7
1584	220	7
1585	220	7
1586	220	7
1587	220	7
1588	220	7
1589	220	7
1590	220	7
1591	220	7
1592	220	7
1593	220	7
1594	220	7
1595	220	7
1596	220	7
1597	220	7
1598	220	7
1599	220	7
1600	220	7
1601	220	7
1602	220	7
1603	220	10
1604	220	10
1605	220	7
1606	220	7
1607	220	7
1608	220	7
1609	220	7
1610	220	7
1611	220	7
1612	220	10
1613	220	7
1614	220	7
1615	220	7
1616	220	7
1617	220	10
1618	220	7
1619	220	7
1620	220	7
1621	220	7
1622	220	7
1623	220	7
1624	220	7
1625	220	7
1626	220	7
1627	220	7
1628	220	7
1629	220	7
1630	220	10
1631	220	7
1632	220	10
1633	220	7
1634	220	7
1635	220	7
1636	220	7
1637	220	7
1638	220	7
1639	220	7
1640	220	7
1641	220	10
1642	220	7
1643	220	7
1644	220	7
1645	220	7
1646	220	10
1647	220	10
1648	220	7
1649	220	10
1650	220	7
1651	220	7
1652	220	10
1653	220	7
1654	220	7
1655	220	10
1656	220	7
1657	220	7
1658	220	7
1659	220	7
1660	220	7
1661	220	10
1662	220	7
1663	220	7
1664	220	7
1665	220	7
1666	220	7
1667	220	7
1668	220	7
1669	220	7
1670	220	7
1671	220	7
1672	220	7
1673	220	7
1674	220	7
1675	220	7
1676	220	7
1677	220	7
1678	220	7
1679	220	7
1680	220	7
1681	220	7
1682	220	7
1683	220	7
1684	220	7
1685	220	7
1686	220	7
1687	220	7
1688	220	7
1689	220	7
1690	220	7
1691	220	7
1692	220	7
1693	220	7
1694	220	7
1695	220	7
1696	220	7
1697	220	7
1698	220	7
1699	220	10
1700	220	7
1701	220	7
1702	220	7
1703	220	7
1704	220	7
1705	220	7
1706	220	7
1707	220	7
1708	220	7
1709	220	7
1710	220	7
1711	220	7
1712	220	7
1713	220	7
1714	220	7
1715	220	7
1716	220	7
1717	220	7
1718	220	7
1719	220	7
1720	220	7
1721	220	7
1722	220	7
1723	220	7
1724	220	7
1725	220	7
1726	220	7
1727	220	7
1728	220	7
1729	220	7
1730	220	7
1731	220	7
1732	220	7
1733	220	7
1734	220	7
1735	220	7
1736	220	7
1737	220	7
1738	220	7
1739	220	7
1740	220	7
1741	220	7
1742	220	7
1743	220	7
1744	220	7
1745	220	7
1746	220	7
1747	220	7
1748	220	7
1749	220	7
1750	220	7
1751	220	7
1752	220	7
1753	220	7
1754	220	7
1755	220	7
1756	220	7
1757	220	7
1758	220	7
1759	220	7
1760	220	7
1761	220	7
1762	220	7
1763	220	7
1764	220	7
1765	220	7
1766	220	7
1767	220	7
1768	220	7
1769	220	7
1770	220	7
1771	220	7
1772	220	7
1773	220	7
1774	220	7
1775	220	7
1776	220	7
1777	220	7
1778	220	7
1779	220	7
1780	220	7
1781	220	7
1782	220	7
1783	220	7
1784	220	7
1785	220	7
1786	220	7
1787	220	7
1788	220	7
1789	220	7
1790	220	7
1791	220	7
1792	220	7
1793	220	7
1794	220	7
1795	220	7
1796	220	7
1797	220	7
1798	220	7
1799	220	7
1800	220	7
1801	220	7
1802	220	7
1803	220	7
1804	220	7
1805	220	7
1806	220	7
1807	220	7
1808	220	7
1809	220	7
1810	220	7
1811	220	7
1812	220	7
1813	220	7
1814	220	7
1815	220	7
1816	220	7
1817	220	7
1818	220	7
1819	220	7
1820	220	7
1821	220	7
1822	220	7
1823	220	7
1824	220	7
1825	220	7
1826	220	7
1827	220	7
1828	220	7
1829	220	7
1830	220	7
1831	220	7
1832	220	7
1833	220	7
1834	220	7
1835	220	7
1836	220	7
1837	220	7
1838	220	7
1839	220	7
1840	220	7
1841	220	7
1842	220	7
1843	220	7
1844	220	7
1845	220	7
1846	220	7
1847	220	7
1848	220	7
1849	220	7
1850	220	7
1851	220	7
1852	220	7
1853	220	7
1854	220	7
1855	220	7
1856	220	7
1857	220	7
1858	220	7
1859	220	7
1860	220	7
1861	220	7
1862	220	7
1863	220	7
1864	220	7
1865	220	7
1866	220	7
1867	220	7
1868	220	7
1869	220	7
1870	220	7
1871	220	7
1872	220	7
1873	220	7
1874	220	7
1875	220	7
1876	220	7
1877	220	7
1878	220	7
1879	220	7
1880	220	7
1881	220	7
1882	220	7
1883	220	7
1884	220	7
1885	220	7
1886	220	7
1887	220	7
1888	220	7
1889	220	7
1890	220	7
1891	220	7
1892	220	7
1893	220	7
1894	220	7
1895	220	7
1896	220	7
1897	220	7
1898	220	7
1899	220	7
1900	220	7
1901	220	7
1902	220	6
1903	220	6
1904	220	6
1905	220	6
1906	220	6
1907	220	6
1908	220	6
1909	220	6
1910	220	6
1911	220	6
1912	220	6
1913	220	6
1914	220	6
1915	220	6
1916	220	6
1917	220	6
1918	220	6
1919	220	6
1920	220	6
1921	220	6
1922	220	6
1923	220	6
1924	220	6
1925	220	6
1926	220	6
1927	220	6
1928	220	6
1929	220	6
1930	220	6
1931	220	6
1932	220	6
1933	220	6
1934	220	6
1935	220	6
1936	220	6
1937	220	6
1938	220	6
1939	220	6
1940	220	6
1941	220	6
1942	220	6
1943	220	6
1944	220	6
1945	220	6
1946	220	6
1947	220	6
1948	220	6
1949	220	6
1950	220	6
1951	220	6
1952	220	6
1953	220	6
1954	220	6
1955	220	6
1956	220	6
1957	220	6
1958	220	6
1959	220	6
1960	220	6
1961	220	6
1962	220	6
1963	220	6
1964	220	6
1965	220	6
1966	220	6
1967	220	6
1968	220	6
1969	220	6
1970	220	6
1971	220	6
1972	220	6
1973	220	6
1974	220	6
1975	220	6
1976	220	6
1977	220	6
1978	220	6
1979	220	6
1980	220	6
1981	220	6
1982	220	6
1983	220	6
1984	220	6
1985	220	6
1986	220	6
1987	220	6
1988	220	6
1989	220	6
1990	220	6
1991	220	6
1992	220	6
1993	220	6
1994	220	6
1995	220	6
1996	220	6
1997	220	6
1998	220	6
1999	220	6
2000	220	6
2001	220	6
2002	220	6
2003	220	6
2004	220	6
2005	220	6
2006	220	6
2007	220	6
2008	220	6
2009	220	6
2010	220	6
2011	220	6
2012	220	6
2013	220	6
2014	220	6
2015	220	6
2016	220	6
2017	220	6
2018	220	6
2019	220	6
2020	220	6
2021	220	6
2022	220	6
2023	220	6
2024	220	6
2025	220	6
2026	220	6
2027	220	6
2028	220	6
2029	220	6
2030	220	6
2031	220	6
2032	220	6
2033	220	6
2034	220	6
2035	220	6
2036	220	6
2037	220	6
2038	220	6
2039	220	6
2040	220	6
2041	220	6
2042	220	6
2043	220	6
2044	220	6
2045	220	6
2046	220	6
2047	220	6
2048	220	6
2049	220	6
2050	220	6
2051	220	6
2052	220	6
2053	220	6
2054	220	6
2055	220	6
2056	220	6
2057	220	6
2058	220	6
2059	220	6
2060	220	6
2061	220	6
2062	220	6
2063	220	6
2064	220	6
2065	220	6
2066	220	6
2067	220	6
2068	220	6
2069	220	6
2070	220	6
2071	220	6
2072	220	6
2073	220	6
2074	220	6
2075	220	6
2076	220	6
2077	220	6
2078	220	6
2079	220	6
2080	220	6
2081	220	6
2082	220	6
2083	220	6
2084	220	6
2085	220	6
2086	220	6
2087	220	6
2088	220	6
2089	220	6
2090	220	6
2091	220	6
2092	220	6
2093	220	6
2094	220	6
2095	220	6
2096	220	6
2097	220	6
2098	220	6
2099	220	6
2100	220	6
2101	220	6
2102	220	6
2103	220	6
2104	220	6
2105	220	6
2106	220	6
2107	220	6
2108	220	6
2109	220	6
2110	220	6
2111	220	6
2112	220	6
2113	220	6
2114	220	6
2115	220	6
2116	220	6
2117	220	6
2118	220	6
2119	220	6
2120	220	6
2121	220	6
2122	220	6
2123	220	6
2124	220	6
2125	220	6
2126	220	6
2127	220	6
2128	220	6
2129	220	6
2130	220	6
2131	220	6
2132	220	6
2133	220	6
2134	220	6
2135	220	6
2136	220	6
2137	220	6
2138	220	6
2139	220	6
2140	220	6
2141	220	6
2142	220	6
2143	220	6
2144	220	6
2145	220	6
2146	220	6
2147	220	6
2148	220	6
2149	220	6
2150	220	6
2151	220	6
2152	220	6
2153	220	6
2154	220	6
2155	220	6
2156	220	6
2157	220	6
2158	220	6
2159	220	6
2160	220	6
2161	220	6
2162	220	6
2163	220	6
2164	220	6
2165	220	6
2166	220	6
2167	220	6
2168	220	6
2169	220	6
2170	220	6
2171	220	6
2172	220	6
2173	220	6
2174	220	6
2175	220	6
2176	220	6
2177	220	6
2178	220	6
2179	220	6
2180	220	6
2181	220	6
2182	220	6
2183	220	6
2184	220	6
2185	220	6
2186	220	6
2187	220	6
2188	220	6
2189	220	6
2190	220	6
2191	220	6
2192	220	6
2193	220	6
2194	220	6
2195	220	6
2196	220	6
2197	220	6
2198	220	6
2199	220	6
2200	220	6
2201	220	6
2202	220	6
2203	220	6
2204	220	6
2205	220	6
2206	220	6
2207	220	6
2208	220	6
2209	220	6
2210	220	6
2211	220	6
2212	220	6
2213	220	6
2214	220	6
2215	220	6
2216	220	6
2217	220	6
2218	220	6
2219	220	6
2220	220	6
2221	220	6
2222	220	6
2223	220	6
2224	220	6
2225	220	6
2226	220	6
2227	220	6
2228	220	6
2229	220	6
2230	220	6
2231	220	6
2232	220	6
2233	220	6
2234	220	6
2235	220	6
2236	220	6
2237	220	6
2238	220	6
2239	220	6
2240	220	6
2241	220	6
2242	220	6
2243	220	6
2244	220	6
2245	220	6
2246	220	6
2247	220	6
2248	220	6
2249	220	6
2250	220	6
2251	220	6
2252	220	6
2253	220	6
2254	220	6
2255	220	6
2256	220	6
2257	220	6
2258	220	6
2259	220	6
2260	220	6
2261	220	6
2262	220	6
2263	220	6
2264	220	6
2265	220	6
2266	220	6
2267	220	6
2268	220	6
2269	220	6
2270	220	6
2271	220	6
2272	220	6
2273	220	10
2274	220	6
2275	220	6
2276	220	6
2277	220	6
2278	220	6
2279	220	6
2280	220	6
2281	220	6
2282	220	6
2283	220	6
2284	220	6
2285	220	5
2286	220	5
2287	220	5
2288	220	6
2289	220	5
2290	220	6
2291	220	5
2292	220	5
2293	220	6
2294	220	5
2295	220	6
2296	220	5
2297	220	5
2298	220	5
2299	220	5
2300	220	5
2301	220	5
2302	220	6
2303	220	6
2304	220	6
2305	220	6
2306	220	6
2307	220	6
2308	220	6
2309	220	6
2310	220	6
2311	220	6
2312	220	6
2313	220	6
2314	220	6
2315	220	6
2316	220	6
2317	220	6
2318	220	6
2319	220	6
2320	220	6
2321	220	6
2322	220	6
2323	220	6
2324	220	6
2325	220	6
2326	220	6
2327	220	6
2328	220	6
2329	220	6
2330	220	6
2331	220	6
2332	220	6
2333	220	6
2334	220	6
2335	220	6
2336	220	6
2337	220	6
2338	220	6
2339	220	6
2340	220	6
2341	220	6
2342	220	6
2343	220	6
2344	220	6
2345	220	6
2346	220	6
2347	220	6
2348	220	6
2349	220	6
2350	220	6
2351	220	6
2352	220	6
2353	220	6
2354	220	6
2355	220	6
2356	220	6
2357	220	6
2358	220	6
2359	220	6
2360	220	6
2361	220	6
2362	220	6
2363	220	6
2364	220	6
2365	220	6
2366	220	6
2367	220	6
2368	220	6
2369	220	6
2370	220	6
2371	220	6
2372	220	6
2373	220	6
2374	220	6
2375	220	6
2376	220	6
2377	220	6
2378	220	6
2379	220	6
2380	220	6
2381	220	6
2382	220	6
2383	220	6
2384	220	6
2385	220	6
2386	220	6
2387	220	6
2388	220	6
2389	220	6
2390	220	6
2391	220	6
2392	220	6
2393	220	6
2394	220	6
2395	220	6
2396	220	6
2397	220	6
2398	220	6
2399	220	6
2400	220	6
2401	220	6
2402	220	6
2403	220	6
2404	220	6
2405	220	6
2406	220	6
2407	220	6
2408	220	6
2409	220	6
2410	220	6
2411	220	5
2412	220	5
2413	220	6
2414	220	6
2415	220	5
2416	220	6
2417	220	5
2418	220	5
2419	220	5
2420	220	5
2421	220	5
2422	220	5
2423	220	5
2424	220	6
2425	220	5
2426	220	5
2427	220	5
2428	220	5
2429	220	5
2430	220	5
2431	220	5
2432	220	5
2433	220	6
2434	220	5
2435	220	5
2436	220	5
2437	220	5
2438	220	5
2439	220	5
2440	220	5
2441	220	5
2442	220	5
2443	220	5
2444	220	5
2445	220	6
2446	220	5
2447	220	5
2448	220	5
2449	220	5
2450	220	5
2451	220	5
2452	220	5
2453	220	5
2454	220	5
2455	220	5
2456	220	5
2457	220	5
2458	220	5
2459	220	5
2460	220	5
2461	220	5
2462	220	5
2463	220	5
2464	220	5
2465	220	5
2466	220	5
2467	220	5
2468	220	5
2469	220	5
2470	220	5
2471	220	5
2472	220	5
2473	220	5
2474	220	5
2475	220	5
2476	220	5
2477	220	5
2478	220	5
2479	220	5
2480	220	5
2481	220	5
2482	220	5
2483	220	5
2484	220	5
2485	220	5
2486	220	5
2487	220	5
2488	220	5
2489	220	5
2490	220	5
2491	220	5
2492	220	5
2493	220	5
2494	220	5
2495	220	5
2496	220	5
2497	220	5
2498	220	5
2499	220	5
2500	220	5
2501	220	5
2502	220	5
2503	220	5
2504	220	5
2505	220	5
2506	220	5
2507	220	5
2508	220	5
2509	220	5
2510	220	5
2511	220	5
2512	220	5
2513	220	5
2514	220	5
2515	220	5
2516	220	5
2517	220	5
2518	220	5
2519	220	5
2520	220	5
2521	220	5
2522	220	5
2523	220	5
2524	220	5
2525	220	5
2526	220	5
2527	220	5
2528	220	5
2529	220	5
2530	220	5
2531	220	5
2532	220	5
2533	220	5
2534	220	5
2535	220	5
2536	220	5
2537	220	5
2538	220	5
2539	220	5
2540	220	5
2541	220	5
2542	220	5
2543	220	5
2544	220	5
2545	220	5
2546	220	5
2547	220	5
2548	220	5
2549	220	5
2550	220	5
2551	220	5
2552	220	5
2553	220	5
2554	220	5
2555	220	5
2556	220	5
2557	220	5
2558	220	5
2559	220	5
2560	220	5
2561	220	5
2562	220	5
2563	220	5
2564	220	5
2565	220	5
2566	220	5
2567	220	5
2568	220	5
2569	220	5
2570	220	5
2571	220	5
2572	220	5
2573	220	5
2574	220	5
2575	220	5
2576	220	5
2577	220	5
2578	220	5
2579	220	5
2580	220	5
2581	220	5
2582	220	5
2583	220	5
2584	220	5
2585	220	5
2586	220	5
2587	220	5
2588	220	5
2589	220	5
2590	220	5
2591	220	5
2592	220	5
2593	220	5
2594	220	5
2595	220	5
2596	220	5
2597	220	5
2598	220	5
2599	220	5
2600	220	5
2601	220	5
2602	220	5
2603	220	5
2604	220	5
2605	220	5
2606	220	5
2607	220	5
2608	220	5
2609	220	5
2610	220	5
2611	220	5
2612	220	5
2613	220	5
2614	220	5
2615	220	5
2616	220	5
2617	220	5
2618	220	5
2619	220	5
2620	220	5
2621	220	5
2622	220	5
2623	220	5
2624	220	5
2625	220	5
2626	220	5
2627	220	5
2628	220	5
2629	220	5
2630	220	5
2631	220	5
2632	220	5
2633	220	5
2634	220	5
2635	220	5
2636	220	5
2637	220	5
2638	220	5
2639	220	5
2640	220	5
2641	220	5
2642	220	5
2643	220	5
2644	220	5
2645	220	5
2646	220	5
2647	220	5
2648	220	5
2649	220	5
2650	220	5
2651	220	5
2652	220	5
2653	220	5
2654	220	5
2655	220	5
2656	220	5
2657	220	5
2658	220	5
2659	220	5
2660	220	5
2661	220	5
2662	220	5
2663	220	5
2664	220	5
2665	220	5
2666	220	5
2667	220	5
2668	220	5
2669	220	5
2670	220	5
2671	220	5
2672	220	5
2673	220	5
2674	220	5
2675	220	5
2676	220	5
2677	220	5
2678	220	5
2679	220	5
2680	220	5
2681	220	5
2682	220	5
2683	220	5
2684	220	5
2685	220	5
2686	220	5
2687	220	5
2688	220	5
2689	220	5
2690	220	5
2691	220	5
2692	220	5
2693	220	5
2694	220	5
2695	220	5
2696	220	5
2697	220	5
2698	220	5
2699	220	5
2700	220	5
2701	220	5
2702	220	5
2703	220	5
2704	220	5
2705	220	5
2706	220	5
2707	220	5
2708	220	5
2709	220	5
2710	220	5
2711	220	5
2712	220	5
2713	220	5
2714	220	5
2715	220	5
2716	220	5
2717	220	5
2718	220	5
2719	220	5
2720	220	5
2721	220	5
2722	220	5
2723	220	5
2724	220	5
2725	220	5
2726	220	5
2727	220	5
2728	220	5
2729	220	5
2730	220	5
2731	220	5
2732	220	5
2733	220	5
2734	220	5
2735	220	5
2736	220	5
2737	220	5
2738	220	5
2739	220	5
2740	220	5
2741	220	5
2742	220	5
2743	220	5
2744	220	5
2745	220	5
2746	220	5
2747	220	5
2748	220	5
2749	220	5
2750	220	5
2751	220	5
2752	220	5
2753	220	5
2754	220	5
2755	220	5
2756	220	5
2757	220	5
2758	220	5
2759	220	5
2760	220	5
2761	220	5
2762	220	5
2763	220	5
2764	220	5
2765	220	5
2766	220	5
2767	220	5
2768	220	5
2769	220	5
2770	220	5
2771	220	5
2772	220	5
2773	220	5
2774	220	5
2775	220	5
2776	220	5
2777	220	5
2778	220	5
2779	220	5
2780	220	5
2781	220	5
2782	220	5
2783	220	5
2784	220	5
2785	220	5
2786	220	5
2787	220	5
2788	220	5
2789	220	5
2790	220	5
2791	220	5
2792	220	5
2793	220	5
2794	220	5
2795	220	5
2796	220	5
2797	220	5
2798	220	5
2799	220	5
2800	220	5
2801	220	5
2802	220	5
2803	220	5
2804	220	5
2805	220	5
2806	220	5
2807	220	5
2808	220	5
2809	220	5
2810	220	5
2811	220	5
2812	220	5
2813	220	5
2814	220	5
2815	220	5
2816	220	5
2817	220	5
2818	220	5
2819	220	5
2820	220	5
2821	220	5
2822	220	5
2823	220	5
2824	220	5
2825	220	5
2826	220	5
2827	220	5
2828	220	5
2829	220	5
2830	220	5
2831	220	5
2832	220	5
2833	220	5
2834	220	5
2835	220	5
2836	220	5
2837	220	5
2838	220	5
2839	220	5
2840	220	5
2841	220	5
2842	220	5
2843	220	5
2844	220	5
2845	220	5
2846	220	5
2847	220	5
2848	220	5
2849	220	5
2850	220	5
2851	220	5
2852	220	5
2853	220	5
2854	220	5
2855	220	5
2856	220	5
2857	220	5
2858	220	5
2859	220	5
2860	220	5
2861	220	5
2862	220	5
2863	220	5
2864	220	5
2865	220	5
2866	220	5
2867	220	5
2868	220	5
2869	220	5
2870	220	5
2871	220	5
2872	220	5
2873	220	5
2874	220	5
2875	220	5
2876	220	5
2877	220	5
2878	220	5
2879	220	5
2880	220	5
2881	220	5
2882	220	5
2883	220	5
2884	220	5
2885	220	5
2886	220	5
2887	220	5
2888	220	5
2889	220	5
2890	220	5
2891	220	5
2892	220	5
2893	220	5
2894	220	5
2895	220	5
2896	220	5
2897	220	5
2898	220	5
2899	220	5
2900	220	3
2901	220	3
2902	220	3
2903	220	3
2904	220	3
2905	220	3
2906	220	3
2907	220	3
2908	220	3
2909	220	3
2910	220	3
2911	220	3
2912	220	3
2913	220	3
2914	220	3
2915	220	3
2916	220	3
2917	220	3
2918	220	3
2919	220	3
2920	220	3
2921	220	3
2922	220	3
2923	220	3
2924	220	3
2925	220	3
2926	220	3
2927	220	3
2928	220	3
2929	220	3
2930	220	3
2931	220	3
2932	220	3
2933	220	3
2934	220	3
2935	220	3
2936	220	3
2937	220	3
2938	220	3
2939	220	3
2940	220	3
2941	220	3
2942	220	3
2943	220	3
2944	220	3
2945	220	3
2946	220	3
2947	220	3
2948	220	3
2949	220	3
2950	220	3
2951	220	3
2952	220	3
2953	220	3
2954	220	3
2955	220	3
2956	220	3
2957	220	3
2958	220	3
2959	220	3
2960	220	3
2961	220	3
2962	220	3
2963	220	3
2964	220	3
2965	220	3
2966	220	3
2967	220	3
2968	220	3
2969	220	3
2970	220	3
2971	220	3
2972	220	3
2973	220	3
2974	220	3
2975	220	3
2976	220	3
2977	220	3
2978	220	3
2979	220	3
2980	220	3
2981	220	3
2982	220	3
2983	220	3
2984	220	3
2985	220	3
2986	220	3
2987	220	3
2988	220	3
2989	220	3
2990	220	3
2991	220	3
2992	220	3
2993	220	3
2994	220	3
2995	220	3
2996	220	3
2997	220	3
2998	220	3
2999	220	3
3000	220	3